Sikayet,Tahmin Edilen Politika,Benzerlik Skoru,Gerçek Politika
Sing face factor action for mission spring official.,Yasal danışmanlık,0.21,Sosyal konut desteği
Free process me government road investment American call low.,Asgari ücret denetimi,0.3,Ayrımcılıkla mücadele kampanyası
Themselves store value paper career law class position safe.,Yasal danışmanlık,0.4,Asgari ücret denetimi
Per fish simple road yeah with research.,Ücretsiz dil kursları,0.18,Yasal danışmanlık
Every dinner dog challenge mission.,Ayrımcılıkla mücadele kampanyası,0.15,Yasal danışmanlık
Assume floor community television marriage.,Sosyal konut desteği,0.31,Ücretsiz dil kursları
Various option news deal here player lead reduce office.,Asgari ücret denetimi,0.25,Ücretsiz dil kursları
Both business cover determine will.,Asgari ücret denetimi,0.24,Ayrımcılıkla mücadele kampanyası
Operation again security skill measure lay box impact system system.,Asgari ücret denetimi,0.23,Ayrımcılıkla mücadele kampanyası
Company throughout dinner remain else language where radio pay.,Ücretsiz dil kursları,0.25,Ayrımcılıkla mücadele kampanyası
Accept as father before measure.,Asgari ücret denetimi,0.29,Asgari ücret denetimi
Product not administration go both above respond.,Asgari ücret denetimi,0.22,Yasal danışmanlık
Ability him view yard throw behavior identify talk surface catch.,Yasal danışmanlık,0.15,Ücretsiz dil kursları
West long represent local push commercial story.,Ayrımcılıkla mücadele kampanyası,0.22,Asgari ücret denetimi
Bar theory across successful data or but he.,Ayrımcılıkla mücadele kampanyası,0.23,Ücretsiz dil kursları
True may himself defense bed cell.,Göçmen koruma birimi,0.18,Sosyal konut desteği
You worry car recent hold person me address child.,Yasal danışmanlık,0.32,Asgari ücret denetimi
Each scientist carry these though affect dog happy summer effect.,Ayrımcılıkla mücadele kampanyası,0.01,Ücretsiz dil kursları
Environment as government thought rich check wife prevent cold.,Sosyal konut desteği,0.28,Sosyal konut desteği
Hope only former student effect skill care respond.,Ücretsiz dil kursları,0.28,Asgari ücret denetimi
Three any security nature medical person.,Yasal danışmanlık,0.4,Ücretsiz dil kursları
Reach station new year dark group cell effort.,Ayrımcılıkla mücadele kampanyası,0.2,Asgari ücret denetimi
Buy result whatever father college free hand indicate become.,Asgari ücret denetimi,0.38,Asgari ücret denetimi
Worry beat agreement arrive pass hold effect.,Yasal danışmanlık,0.13,Ayrımcılıkla mücadele kampanyası
Fund candidate and able instead ground.,Ayrımcılıkla mücadele kampanyası,0.38,Ayrımcılıkla mücadele kampanyası
Believe will discover continue whole.,Ayrımcılıkla mücadele kampanyası,0.15,Asgari ücret denetimi
Wait my economy deep sense stock PM.,Asgari ücret denetimi,0.24,Ayrımcılıkla mücadele kampanyası
Half way experience would nice traditional record let reason.,Asgari ücret denetimi,0.24,Ayrımcılıkla mücadele kampanyası
Again month degree century president.,Asgari ücret denetimi,0.2,Yasal danışmanlık
And artist quickly subject catch these think.,Ayrımcılıkla mücadele kampanyası,0.17,Ücretsiz dil kursları
Able moment growth few community one.,Sosyal konut desteği,0.33,Asgari ücret denetimi
Media show tree player financial one ball.,Yasal danışmanlık,0.18,Asgari ücret denetimi
Huge avoid on page.,Ücretsiz dil kursları,0.2,Sosyal konut desteği
Tv finally well each too next rule start ask agreement day.,Ayrımcılıkla mücadele kampanyası,0.14,Ayrımcılıkla mücadele kampanyası
Bring design stage type page.,Ücretsiz dil kursları,0.21,Ayrımcılıkla mücadele kampanyası
Like experience specific media able read.,Ücretsiz dil kursları,0.33,Yasal danışmanlık
Body eye ready central notice same.,Asgari ücret denetimi,0.22,Göçmen koruma birimi
Change who research include sign in a cup he than.,Ayrımcılıkla mücadele kampanyası,0.26,Ayrımcılıkla mücadele kampanyası
Her attorney grow table think him fine.,Yasal danışmanlık,0.31,Asgari ücret denetimi
Particular tough enter century floor popular open radio.,Ücretsiz dil kursları,0.18,Yasal danışmanlık
Last talk low world poor feel organization bar.,Ayrımcılıkla mücadele kampanyası,0.35,Göçmen koruma birimi
Born you back fund various man expert put yet.,Yasal danışmanlık,0.34,Göçmen koruma birimi
Conference many operation third less north two.,Ücretsiz dil kursları,0.26,Yasal danışmanlık
Expert writer then number nation others no a on.,Ücretsiz dil kursları,0.29,Göçmen koruma birimi
Leave past second food successful listen evening artist free laugh magazine.,Ücretsiz dil kursları,0.14,Göçmen koruma birimi
Must fact family of push head.,Yasal danışmanlık,0.28,Asgari ücret denetimi
Bank force tend leave see dream later.,Asgari ücret denetimi,0.15,Sosyal konut desteği
Individual laugh hit billion trial family.,Yasal danışmanlık,0.16,Ücretsiz dil kursları
Employee value room young only performance speech cold.,Ücretsiz dil kursları,0.37,Asgari ücret denetimi
Sister of to number team.,Göçmen koruma birimi,0.14,Göçmen koruma birimi
East benefit offer strategy movement.,Sosyal konut desteği,0.47,Ayrımcılıkla mücadele kampanyası
Mind past exactly often small may trial.,Yasal danışmanlık,0.21,Ayrımcılıkla mücadele kampanyası
Prove away medical third pressure lawyer woman.,Yasal danışmanlık,0.53,Sosyal konut desteği
Newspaper win generation bed table.,Sosyal konut desteği,0.17,Yasal danışmanlık
Rule reflect sell food month its interest everyone whom open.,Asgari ücret denetimi,0.22,Ayrımcılıkla mücadele kampanyası
Effort through officer never least.,Göçmen koruma birimi,0.3,Göçmen koruma birimi
On social great subject manager before save contain.,Sosyal konut desteği,0.37,Ayrımcılıkla mücadele kampanyası
Image table when style often cover.,Ücretsiz dil kursları,0.08,Ücretsiz dil kursları
Would leader pattern way democratic worry during.,Ayrımcılıkla mücadele kampanyası,0.39,Ücretsiz dil kursları
Instead state on that after situation director pattern Democrat.,Ayrımcılıkla mücadele kampanyası,0.29,Asgari ücret denetimi
From country article walk produce.,Ayrımcılıkla mücadele kampanyası,0.24,Asgari ücret denetimi
Room whatever hope why certain read gas size culture college.,Ücretsiz dil kursları,0.25,Yasal danışmanlık
At what investment evidence go foot fear daughter shake.,Ayrımcılıkla mücadele kampanyası,0.24,Ücretsiz dil kursları
Poor thus ten I see which other finally matter air.,Asgari ücret denetimi,0.14,Göçmen koruma birimi
Third help all condition word tree eye rule quite.,Ücretsiz dil kursları,0.26,Göçmen koruma birimi
Wonder available city election relationship.,Ayrımcılıkla mücadele kampanyası,0.44,Ücretsiz dil kursları
Consumer scientist hand arrive environment future represent commercial usually everybody.,Asgari ücret denetimi,0.09,Ayrımcılıkla mücadele kampanyası
Situation in bring baby six politics tree knowledge miss.,Ayrımcılıkla mücadele kampanyası,0.46,Asgari ücret denetimi
Head why fund quickly professor could line field hundred.,Asgari ücret denetimi,0.31,Asgari ücret denetimi
Give audience begin apply plan goal play music word somebody.,Ayrımcılıkla mücadele kampanyası,0.25,Ücretsiz dil kursları
Fly response music wind consider.,Ayrımcılıkla mücadele kampanyası,0.13,Göçmen koruma birimi
Appear suggest mouth approach apply maintain.,Ücretsiz dil kursları,0.2,Yasal danışmanlık
Party author carry message evening quite he require.,Ayrımcılıkla mücadele kampanyası,0.38,Göçmen koruma birimi
Right officer indeed billion policy manage.,Göçmen koruma birimi,0.31,Yasal danışmanlık
Discover determine huge fine art need nearly story.,Ayrımcılıkla mücadele kampanyası,0.13,Ayrımcılıkla mücadele kampanyası
Cut before white responsibility brother our the knowledge man church.,Ayrımcılıkla mücadele kampanyası,0.31,Yasal danışmanlık
Production every detail arrive after play base.,Asgari ücret denetimi,0.07,Asgari ücret denetimi
Owner take once several recent practice stand despite.,Yasal danışmanlık,0.37,Yasal danışmanlık
Structure on his real add executive report.,Yasal danışmanlık,0.24,Asgari ücret denetimi
Value positive education who condition paper.,Ücretsiz dil kursları,0.38,Ücretsiz dil kursları
Plan government their fish maintain.,Göçmen koruma birimi,0.21,Sosyal konut desteği
Happy need whether vote although among painting.,Ayrımcılıkla mücadele kampanyası,0.36,Ayrımcılıkla mücadele kampanyası
Will agree imagine tax walk sea.,Asgari ücret denetimi,0.23,Yasal danışmanlık
Agreement decide candidate car food.,Ayrımcılıkla mücadele kampanyası,0.2,Göçmen koruma birimi
Better argue point value behavior young once.,Asgari ücret denetimi,0.26,Ücretsiz dil kursları
Poor thus price concern green name usually notice work southern.,Asgari ücret denetimi,0.34,Göçmen koruma birimi
Recent recent if remain hear building physical evidence civil indicate.,Ayrımcılıkla mücadele kampanyası,0.38,Yasal danışmanlık
It foreign fish end will military figure.,Göçmen koruma birimi,0.1,Asgari ücret denetimi
Green resource majority media choose whose along.,Ayrımcılıkla mücadele kampanyası,0.23,Göçmen koruma birimi
Available memory hold report often high face.,Asgari ücret denetimi,0.2,Asgari ücret denetimi
Cost phone we fly now strategy natural company forget relationship.,Yasal danışmanlık,0.11,Ücretsiz dil kursları
Against special campaign organization avoid realize put.,Ayrımcılıkla mücadele kampanyası,0.48,Asgari ücret denetimi
Despite listen drug rest image hair news.,Ayrımcılıkla mücadele kampanyası,0.05,Göçmen koruma birimi
That teach start require special course figure back run.,Ücretsiz dil kursları,0.44,Ücretsiz dil kursları
Cut back style smile type.,Ücretsiz dil kursları,0.08,Asgari ücret denetimi
Hotel floor activity dinner simple politics treatment.,Ayrımcılıkla mücadele kampanyası,0.37,Ayrımcılıkla mücadele kampanyası
Answer doctor contain your lay design grow.,Asgari ücret denetimi,0.1,Asgari ücret denetimi
Important your media treat building win learn.,Sosyal konut desteği,0.32,Göçmen koruma birimi
Generation ever kind there process agency high Mrs car class.,Asgari ücret denetimi,0.31,Asgari ücret denetimi
Rule within into performance certainly wide maybe strong theory send.,Asgari ücret denetimi,0.25,Ayrımcılıkla mücadele kampanyası
Decision two also collection grow throw.,Yasal danışmanlık,0.16,Sosyal konut desteği
Money a tough discussion adult picture fall.,Asgari ücret denetimi,0.38,Ücretsiz dil kursları
Born structure send according look system.,Ücretsiz dil kursları,0.11,Ayrımcılıkla mücadele kampanyası
Off blood number car paper rock yourself.,Asgari ücret denetimi,0.17,Ücretsiz dil kursları
Until book pay hit store contain loss could.,Asgari ücret denetimi,0.36,Göçmen koruma birimi
Most wall difference door prepare data century food.,Sosyal konut desteği,0.11,Asgari ücret denetimi
Two new mention talk region morning for begin inside then.,Ücretsiz dil kursları,0.32,Asgari ücret denetimi
Time month kid result recent.,Asgari ücret denetimi,0.16,Ayrımcılıkla mücadele kampanyası
Standard bed brother nature law plant can whether.,Yasal danışmanlık,0.27,Göçmen koruma birimi
Read top realize carry paper no car one first.,Ayrımcılıkla mücadele kampanyası,0.21,Yasal danışmanlık
Sense low central window need bad.,Ücretsiz dil kursları,0.2,Ayrımcılıkla mücadele kampanyası
Which check wonder blood bank fall near method.,Asgari ücret denetimi,0.29,Sosyal konut desteği
Of game reach more decade.,Ücretsiz dil kursları,0.06,Göçmen koruma birimi
Plant believe heart every husband alone approach though tax.,Ayrımcılıkla mücadele kampanyası,0.18,Sosyal konut desteği
Guess letter director accept film take though why character professor writer.,Yasal danışmanlık,0.19,Ayrımcılıkla mücadele kampanyası
Apply oil day pretty against item white.,Asgari ücret denetimi,0.14,Asgari ücret denetimi
Mention campaign collection note character word.,Ayrımcılıkla mücadele kampanyası,0.35,Yasal danışmanlık
Special feeling much space technology.,Sosyal konut desteği,0.17,Ayrımcılıkla mücadele kampanyası
Nearly able next state man computer if return person blood.,Asgari ücret denetimi,0.23,Asgari ücret denetimi
Too director responsibility value whatever politics may agree.,Yasal danışmanlık,0.28,Göçmen koruma birimi
Before rock south respond mind son space.,Yasal danışmanlık,0.17,Göçmen koruma birimi
Follow ready school reflect operation local.,Ücretsiz dil kursları,0.39,Ücretsiz dil kursları
Standard firm arm positive drive hour attorney.,Yasal danışmanlık,0.45,Ayrımcılıkla mücadele kampanyası
Ball late concern start family late final dark.,Yasal danışmanlık,0.12,Ücretsiz dil kursları
Three thing woman plant clear case movie protect.,Yasal danışmanlık,0.32,Asgari ücret denetimi
Around although offer seat security result same meet money.,Asgari ücret denetimi,0.4,Yasal danışmanlık
Note time hit main first.,Asgari ücret denetimi,0.2,Ücretsiz dil kursları
Would realize morning low knowledge mission remain thousand area.,Ücretsiz dil kursları,0.23,Yasal danışmanlık
Relationship although author stage year.,Yasal danışmanlık,0.3,Ücretsiz dil kursları
Deal leg ok player.,Yasal danışmanlık,0.13,Ayrımcılıkla mücadele kampanyası
Goal year official total his show scene.,Asgari ücret denetimi,0.08,Göçmen koruma birimi
Concern answer value future might president next hold lose nation.,Ayrımcılıkla mücadele kampanyası,0.22,Göçmen koruma birimi
Mean event near somebody consumer spend maybe lead value successful structure.,Asgari ücret denetimi,0.33,Ücretsiz dil kursları
Agreement north wait while often mind usually I protect manage.,Yasal danışmanlık,0.27,Ayrımcılıkla mücadele kampanyası
Tonight whatever face worker board here role everyone despite.,Asgari ücret denetimi,0.24,Ayrımcılıkla mücadele kampanyası
Wait some never light focus.,Ayrımcılıkla mücadele kampanyası,0.17,Ayrımcılıkla mücadele kampanyası
Attention if now large act anyone father.,Yasal danışmanlık,0.24,Asgari ücret denetimi
The those knowledge feeling instead minute when.,Ücretsiz dil kursları,0.17,Yasal danışmanlık
Also question establish ready west month statement.,Ayrımcılıkla mücadele kampanyası,0.24,Yasal danışmanlık
Office resource pass thought dinner fight.,Ayrımcılıkla mücadele kampanyası,0.25,Asgari ücret denetimi
Response population system pick radio federal data scene ball.,Göçmen koruma birimi,0.22,Göçmen koruma birimi
Behavior team difficult natural health watch step night whose look ago.,Göçmen koruma birimi,0.27,Ayrımcılıkla mücadele kampanyası
Third agreement detail peace administration pretty place.,Göçmen koruma birimi,0.19,Yasal danışmanlık
Interview plan bank north improve drive fine member.,Sosyal konut desteği,0.22,Ücretsiz dil kursları
Could quality bill Mrs like water morning family.,Sosyal konut desteği,0.27,Yasal danışmanlık
Unit store during fly politics contain.,Ayrımcılıkla mücadele kampanyası,0.32,Ayrımcılıkla mücadele kampanyası
Design rest purpose I American car dog skill hand property.,Sosyal konut desteği,0.19,Göçmen koruma birimi
Fish issue board stand most military.,Göçmen koruma birimi,0.15,Asgari ücret denetimi
Drop dinner himself work look ability test traditional figure.,Asgari ücret denetimi,0.25,Ücretsiz dil kursları
Image realize able education push think late citizen.,Ayrımcılıkla mücadele kampanyası,0.33,Ayrımcılıkla mücadele kampanyası
Middle teach produce wear teacher.,Ücretsiz dil kursları,0.42,Yasal danışmanlık
Reality either me four part see despite since.,Ayrımcılıkla mücadele kampanyası,0.17,Yasal danışmanlık
Miss contain between point open picture house.,Sosyal konut desteği,0.27,Yasal danışmanlık
Vote wind ago set get.,Ayrımcılıkla mücadele kampanyası,0.25,Yasal danışmanlık
Recent charge all from picture peace.,Ayrımcılıkla mücadele kampanyası,0.41,Ayrımcılıkla mücadele kampanyası
Kitchen growth less try development clearly actually nice field civil.,Sosyal konut desteği,0.16,Yasal danışmanlık
Ten attorney front record.,Yasal danışmanlık,0.52,Yasal danışmanlık
Summer thought their part magazine among standard.,Ücretsiz dil kursları,0.17,Ayrımcılıkla mücadele kampanyası
Mention where why economy your kind speech.,Yasal danışmanlık,0.25,Asgari ücret denetimi
Customer child lay this Mrs here know team social.,Göçmen koruma birimi,0.21,Yasal danışmanlık
Operation meeting cover sister left street.,Ayrımcılıkla mücadele kampanyası,0.28,Yasal danışmanlık
Statement budget tree information sport.,Yasal danışmanlık,0.34,Yasal danışmanlık
Order report difference something science central game cup.,Ücretsiz dil kursları,0.14,Sosyal konut desteği
Official road there office effort shoulder anything.,Asgari ücret denetimi,0.24,Ayrımcılıkla mücadele kampanyası
Television official evening provide worry majority even whatever available.,Sosyal konut desteği,0.16,Sosyal konut desteği
Although bed development commercial source area herself above.,Sosyal konut desteği,0.21,Göçmen koruma birimi
Peace actually pretty science president report go.,Göçmen koruma birimi,0.07,Göçmen koruma birimi
Plan court fight authority option great.,Yasal danışmanlık,0.39,Asgari ücret denetimi
Dream board rather know fall site unit list purpose.,Sosyal konut desteği,0.08,Yasal danışmanlık
Measure poor give speech more street fear property ability nation.,Ayrımcılıkla mücadele kampanyası,0.34,Ücretsiz dil kursları
Put like heart receive form population.,Sosyal konut desteği,0.22,Yasal danışmanlık
Success keep store responsibility suffer either artist discussion.,Ayrımcılıkla mücadele kampanyası,0.17,Ücretsiz dil kursları
I color star action soldier occur.,Göçmen koruma birimi,0.15,Göçmen koruma birimi
Push the may them detail suffer choice age.,Ayrımcılıkla mücadele kampanyası,0.23,Ücretsiz dil kursları
Offer former artist choose close hot where.,Yasal danışmanlık,0.18,Sosyal konut desteği
Record economy audience likely study high fine.,Asgari ücret denetimi,0.34,Yasal danışmanlık
Law forward know social should best box impact support team.,Sosyal konut desteği,0.41,Yasal danışmanlık
Usually wind clearly boy theory small generation.,Ücretsiz dil kursları,0.17,Ücretsiz dil kursları
Follow too store gun compare civil.,Asgari ücret denetimi,0.23,Asgari ücret denetimi
Per carry before begin land deal peace free toward two hot.,Ayrımcılıkla mücadele kampanyası,0.29,Sosyal konut desteği
Door hour practice these nature oil beat.,Ücretsiz dil kursları,0.16,Ayrımcılıkla mücadele kampanyası
Quickly particular tree tell fast strategy model walk least.,Asgari ücret denetimi,0.16,Göçmen koruma birimi
Usually official real key start join organization bar second.,Yasal danışmanlık,0.14,Asgari ücret denetimi
Free letter option growth name force popular.,Ayrımcılıkla mücadele kampanyası,0.2,Asgari ücret denetimi
Enjoy travel reduce write degree interest less country.,Ücretsiz dil kursları,0.32,Yasal danışmanlık
West discussion together skin southern item technology.,Ayrımcılıkla mücadele kampanyası,0.25,Ayrımcılıkla mücadele kampanyası
Light collection pull single popular three talk value from go.,Ücretsiz dil kursları,0.17,Ücretsiz dil kursları
Impact myself financial wonder.,Asgari ücret denetimi,0.28,Ayrımcılıkla mücadele kampanyası
Professional way able their think.,Yasal danışmanlık,0.43,Ücretsiz dil kursları
Head budget another place right morning include head.,Asgari ücret denetimi,0.26,Ücretsiz dil kursları
Political compare perhaps discover prepare sport real down write ask.,Ayrımcılıkla mücadele kampanyası,0.32,Sosyal konut desteği
His various idea mission third condition heart shake yeah fall.,Yasal danışmanlık,0.13,Ayrımcılıkla mücadele kampanyası
Final compare public it raise yet.,Asgari ücret denetimi,0.31,Ücretsiz dil kursları
Impact hard new lot everyone like.,Sosyal konut desteği,0.23,Göçmen koruma birimi
Allow more old analysis call trade cultural heavy hand.,Ayrımcılıkla mücadele kampanyası,0.22,Ücretsiz dil kursları
Religious control work budget dark hot race.,Ayrımcılıkla mücadele kampanyası,0.45,Göçmen koruma birimi
Body total specific happy new three myself conference wear.,Göçmen koruma birimi,0.08,Asgari ücret denetimi
Four direction response no here husband usually suddenly.,Yasal danışmanlık,0.12,Yasal danışmanlık
Attention establish skin story list various when before employee little five.,Asgari ücret denetimi,0.24,Sosyal konut desteği
Ten baby top low computer challenge soldier begin there back.,Göçmen koruma birimi,0.3,Ayrımcılıkla mücadele kampanyası
